ip,anonymityLevel,asn,country,isp,latency,org,port,protocols,responseTime,speed,updated_at,upTime,upTimeSuccessCount,upTimeTryCount
"4.14.120.230","elite","AS3356","US","Level 3","133","Mountain","39593","socks4","45","1","2023-06-12T16:28:49.018Z","100","2229","2230"
"197.234.13.90","elite","AS36902","SC","Intelvision","173","Intelvision Ltd","4145","socks4","989","1","2023-06-12T16:28:46.539Z","99","2163","2176"
"122.70.153.17","elite","AS24138","CN","China TieTong Telecommunications Corporation","385","China TieTong Telecommunications Corporation","80","socks4","46","1","2023-06-12T16:28:46.025Z","41","899","2213"
"91.203.25.28","elite","AS44827","UA","Bravoport","52","Bravoport Ltd","4153","socks4","1107","1","2023-06-12T16:28:46.445Z","79","1727","2197"
"190.211.161.210","elite","AS262589","CL","INTERNEXA Chile S.A","289","Tumundo Digital Telecomunicaciones SPA","32410","socks4","1197","1","2023-06-12T16:28:46.241Z","98","2201","2235"
"103.102.144.244","elite","AS135834","IN","Multicraft Digital Technologies Private Limited","282","Winista Technologies Private Limited","5678","socks4","1603","1","2023-06-12T16:28:45.143Z","96","2104","2202"
"46.167.238.54","elite","AS16019","CZ","UPC Czech","85","Tkom Plus sro, customers space","5678","socks5","1601","77","2023-06-12T16:28:45.950Z","99","2139","2151"
"186.251.255.177","elite","AS267513","BR","Seanet Telecom Carazinho Eireli","229","Seanet Telecom Carazinho Eireli","31337","socks4","1611","1","2023-06-12T16:28:45.949Z","100","2225","2234"
"43.153.81.60","elite","AS132203","US","Shenzhen Tencent Computer Systems Company Limited","199","Tencent Cloud Computing","443","socks4","1010","2","2023-06-12T16:28:44.636Z","80","1760","2187"
"190.111.246.128","elite","AS11014","AR","CPS","295","CPS","80","socks4","1000","1","2023-06-12T16:28:44.669Z","97","2172","2235"
"203.28.8.65","elite","AS209242","CY","Cloudflare London, LLC","2","Lachtaristo Holdings Limited","80","socks4","426","1","2023-06-12T16:28:44.644Z","100","2196","2196"
"178.62.79.49","elite","AS14061","GB","DigitalOcean, LLC","18","Digital Ocean","16614","socks5","525","6","2023-06-12T16:28:44.635Z","100","2168","2171"
"110.77.145.159","elite","AS131090","TH","CAT-BB","286","N/A","4145","socks4","1212","2","2023-06-12T16:28:44.237Z","99","2208","2233"
"5.39.19.154","elite","AS16276","FR","OVH ISP","5","Caunes Sebastien","33427","socks4","698","1","2023-06-12T16:28:44.544Z","100","2227","2228"
"173.249.15.248","elite","AS51167","DE","Contabo GmbH","19","Contabo GmbH","33471","socks4","1289","1","2023-06-12T16:28:44.534Z","100","2188","2195"
"177.87.230.31","elite","AS262309","BR","BMBB SERVIÇOS DE COMUNICAÇÃO LTDA","206","BMBB SERVIÇOS DE COMUNICAÇÃO LTDA","43573","socks4","629","1","2023-06-12T16:28:44.979Z","100","2218","2229"
"170.80.91.3","elite","AS264820","CR","Corebases S.A","201","Corebases S.A","4145","socks4","1294","1","2023-06-12T16:28:44.540Z","100","2236","2238"
"72.250.17.184","elite","AS21928","US","T-Mobile USA, Inc.","188","T-Mobile USA, Inc.","39593","socks4","908","1","2023-06-12T16:28:44.815Z","17","367","2111"
"138.201.140.125","elite","AS24940","DE","Hetzner Online GmbH","96","Hetzner","15976","socks5","1101","1","2023-06-12T16:28:43.944Z","100","2223","2223"
"43.153.64.134","elite","AS132203","US","Shenzhen Tencent Computer Systems Company Limited","156","Tencent Cloud Computing","443","socks4","1691","3","2023-06-12T16:28:43.649Z","71","1546","2185"
"31.173.223.5","elite","AS31163","RU","PJSC MegaFon","83","N/A","4153","socks4","1501","1","2023-06-12T16:28:42.533Z","97","2142","2205"
"173.212.206.86","elite","AS51167","DE","Contabo GmbH","86","Contabo GmbH","55405","socks5","1191","1","2023-06-12T16:28:42.236Z","100","2101","2106"
"89.237.33.225","elite","AS20485","RU","multi-origin SUTTK","88","N/A","51549","socks4","1605","1","2023-06-12T16:28:42.140Z","99","2194","2209"
"178.132.4.53","elite","AS49981","NL","WorldStream B.V.","11","Worldstream","443","socks4","1406","1","2023-06-12T16:28:42.534Z","100","2229","2231"
"104.16.104.12","elite","AS13335","US","Cloudflare, Inc.","2","Cloudflare, Inc.","80","socks4","1602","80","2023-06-12T16:28:42.233Z","100","2193","2194"
"143.198.237.236","elite","AS14061","US","DigitalOcean, LLC","195","DigitalOcean, LLC","9050","socks5","1397","1","2023-06-12T16:28:42.535Z","73","6282","8644"
"144.202.21.190","elite","AS20473","US","The Constant Company","93","Vultr Holdings, LLC","10884","socks4","1595","2","2023-06-12T16:28:42.140Z","52","1119","2160"
"204.10.182.34","elite","AS1819","US","DCM Cable Inc.","103","DCM Cable Inc","39593","socks4","1111","1","2023-06-12T16:28:42.547Z","100","2225","2225"
"103.70.206.129","elite","AS135712","IN","Euron Communications Pvt. Ltd","299","Euron Communications Pvt. Ltd.","59311","socks4","2585","1","2023-06-12T16:28:42.137Z","99","2178","2201"
"103.215.148.25","elite","AS135207","IN","Cloudnet Communications Pvt Ltd","205","Cloudnet Communications Pvt Ltd","43928","socks4","1695","2","2023-06-12T16:28:41.645Z","99","2217","2233"
"95.182.78.6","elite","AS50648","UA","PE UAinet","61","PE UAinet","5678","socks4","3113","83","2023-06-12T16:28:41.349Z","99","2194","2215"
"113.140.74.26","elite","AS4134","CN","Chinanet","310","Chinanet SN","8000","socks4","2594","1","2023-06-12T16:28:41.443Z","74","1631","2210"
"103.105.40.254","elite","AS137143","IN","Minnal Digital Network Private Limited","153","Minnal Digital Network Private Limited","4145","socks4","3205","3","2023-06-12T16:28:41.348Z","100","2190","2196"
"197.234.13.62","elite","AS36902","SC","Intelvision","171","Intelvision Ltd","4145","socks4","3187","1","2023-06-12T16:28:41.435Z","100","2214","2222"
"115.85.86.114","elite","AS23953","ID","Sudirman Central Business District","181","N/A","5678","socks4","3101","1","2023-06-12T16:28:41.436Z","98","2107","2154"
"217.150.58.185","elite","AS20485","RU","TRANS-TELECOM","89","N/A","1080","socks4","1703","1","2023-06-12T16:28:40.352Z","100","2224","2230"
"166.62.85.224","elite","AS9116","US","Partner Communications Ltd.","192","GoDaddy.com, LLC","61760","socks4","1492","8","2023-06-12T16:28:40.753Z","100","2185","2187"
"193.8.87.85","elite","AS197698","CZ","D-H-T SYSTEMS s.r.o.","87","D-H-T SYSTEMS s.r.o","4444","socks4","3891","1","2023-06-12T16:28:39.653Z","100","2126","2128"
"125.228.77.228","elite","AS3462","TW","Chunghwa Telecom Co., Ltd.","296","Chunghwa Telecom Co. Ltd.","1081","socks4","3501","1","2023-06-12T16:28:39.248Z","99","2213","2228"
"222.221.247.114","elite","AS4134","CN","Chinanet","281","Chinanet YN","5678","socks4","3593","1","2023-06-12T16:28:39.247Z","69","1503","2173"
"201.158.10.64","elite","AS61936","BR","VIATEC TELECOMUNICAÇÕES EIRELI","223","VIATEC TELECOMUNICAÇÕES LTDA","5678","socks4","3299","1","2023-06-12T16:28:39.745Z","94","2062","2196"
"62.109.31.192","elite","AS29182","RU","JSC IOT","93","JSC IOT","20000","socks5","3791","1","2023-06-12T16:28:39.655Z","100","40","40"
"221.195.143.239","elite","AS4837","CN","CNC Group CHINA169 Hebei Province Network","247","N/A","55653","socks5","3697","1","2023-06-12T16:28:39.949Z","63","1392","2210"
"202.72.209.3","elite","AS23953","ID","PT ARTHA TELEKOMINDO","187","SCBD CustomerNetwork1","44550","socks4","3687","1","2023-06-12T16:28:39.246Z","95","2018","2129"
"159.65.245.126","elite","AS14061","US","DigitalOcean, LLC","82","Digital Ocean","7497","socks5","3801","1","2023-06-12T16:28:38.647Z","97","2119","2179"
"78.186.98.148","elite","AS9121","TR","TurkTelecom","88","N/A","1080","socks4","3892","3","2023-06-12T16:28:38.646Z","91","1945","2131"
"62.112.194.224","elite","AS197248","HU","Dravanet Co Ltd.","24","Enternet 2001 Ltd.","26057","socks4","3904","1","2023-06-12T16:28:37.644Z","100","2232","2233"
"103.140.35.50","elite","AS58369","ID","PT.Simprug Mahkota Indah","198","N/A","5678","socks4","3907","2","2023-06-12T16:28:37.637Z","98","2178","2218"
"91.191.62.42","elite","AS35567","BA","DASTO semtel d.o.o.","84","Zona Kraljica","5678","socks4","3895","1","2023-06-12T16:28:37.645Z","96","2117","2194"
"81.201.63.13","elite","AS8251","CZ","FreeTel, s.r.o.","90","Obcanske sdruzeni SPKFree.Net","36643","socks5","3990","1","2023-06-12T16:28:37.644Z","100","2232","2237"
"175.101.18.25","elite","AS17754","IN","ExcellMedia Pvt Ltd","211","Excell Media Pvt Ltd","5678","socks4","4096","1","2023-06-12T16:28:37.642Z","100","2228","2233"
"181.197.199.216","elite","AS27833","AR","Bvnet S.A.","290","Bvnet S.A","5678","socks4","3999","6","2023-06-12T16:28:37.643Z","96","2102","2186"
"75.119.205.179","elite","AS26347","US","New Dream Network, LLC","192","New Dream Network, LLC","23456","socks4","3894","1","2023-06-12T16:28:36.345Z","100","2148","2148"
"82.137.244.59","elite","AS29256","SY","ISP-TARASSUL","54","N/A","4145","socks4","3993","1","2023-06-12T16:28:36.453Z","98","2073","2111"
"185.46.60.108","elite","AS15836","MD","Arax-Impex s.r.l.","89","N/A","5678","socks4","4093","1","2023-06-12T16:28:36.344Z","100","2205","2206"
"93.171.224.43","elite","AS211570","UA","PE TV and Radio Company Kentavr-TV","94","PE TV and Radio Company Kentavr-TV","4153","socks4","4005","1","2023-06-12T16:28:36.452Z","99","2208","2232"
"175.201.245.187","elite","AS4766","KR","Korea Telecom","287","Kornet","808","socks4","3904","2","2023-06-12T16:28:35.538Z","100","2202","2203"
"185.162.229.70","elite","AS209242","GB","Cloudflare London, LLC","3","Softconstruct Limited","80","socks4","3700","80","2023-06-12T16:28:35.434Z","100","2230","2231"
"180.158.150.12","elite","AS4812","CN","China Telecom (Group)","291","Chinanet SH","2080","socks4","3790","1","2023-06-12T16:28:35.433Z","47","1046","2222"
"217.12.201.56","elite","AS21100","NL","ITL LLC","12","Green Floid LLC","11337","socks5","4003","3","2023-06-12T16:28:35.537Z","100","2229","2235"
"162.243.39.45","elite","AS14061","US","DigitalOcean, LLC","82","Digital Ocean","46852","socks4","3995","1","2023-06-12T16:28:35.538Z","89","1975","2213"
"159.223.173.237","elite","AS14061","US","DigitalOcean, LLC","86","DigitalOcean, LLC","12057","socks5","3893","89","2023-06-12T16:28:35.432Z","76","1621","2147"
"177.125.166.218","elite","AS262346","BR","FP Telecomunicacoes Ltda","211","FP Telecomunicacoes Ltda","4145","socks4","4186","1","2023-06-12T16:28:35.537Z","81","1749","2151"
"91.220.69.43","elite","AS58096","RU","Viter Evgeniy Vasilevich","97","Viter Evgeniy Vasilevich","3629","socks4","3798","76","2023-06-12T16:28:34.334Z","100","2221","2229"
"114.242.116.59","elite","AS4808","CN","China Unicom Beijing Province Network","291","N/A","4145","socks4","5089","2","2023-06-12T16:28:34.049Z","76","1695","2226"
"173.195.27.150","elite","AS11976","US","Fidelity Communication International Inc.","125","Fidelity Communication International Inc.","10091","socks4","4898","1","2023-06-12T16:28:34.134Z","100","2187","2187"
"173.195.27.136","elite","AS11976","US","Fidelity Communication International Inc.","181","Fidelity Communication International Inc.","10091","socks4","4909","1","2023-06-12T16:28:34.133Z","100","2203","2203"
"75.119.206.53","elite","AS26347","US","New Dream Network, LLC","200","New Dream Network, LLC","15745","socks4","4701","1","2023-06-12T16:28:34.136Z","100","2211","2212"
"203.23.49.150","elite","AS17882","MN","MCS Com Co Ltd","188","Univision LLC","5678","socks4","4996","2","2023-06-12T16:28:34.132Z","100","2127","2132"
"43.239.75.193","elite","AS133443","BD","COL","196","N/A","4145","socks4","4806","1","2023-06-12T16:28:34.134Z","99","2160","2191"
"121.234.63.215","elite","AS4134","CN","Chinanet","194","Chinanet JS","24388","socks5","3700","1","2023-06-12T16:28:34.335Z","16","337","2162"
"159.89.173.152","elite","AS14061","IN","DigitalOcean, LLC","131","DigitalOcean, LLC","49467","socks5","4610","1","2023-06-12T16:28:32.942Z","100","2182","2185"
"181.78.13.94","elite","AS52468","CO","IFX Networks Argentina S.R.L","189","UFINET COLOMBIA, S. A","5678","socks4","4713","1","2023-06-12T16:28:32.941Z","99","2214","2230"
"118.67.223.4","elite","AS58923","BD","InterCloud Limited","159","InterCloud ltd","5678","socks4","4700","1","2023-06-12T16:28:32.743Z","100","2178","2182"
"141.105.86.130","elite","AS24634","LB","CYBERIA","52","N/A","44660","socks4","4801","1","2023-06-12T16:28:32.742Z","82","1827","2230"
"103.47.93.194","elite","AS134058","IN","Broban Internet Services Pvt.ltd","183","Broban  PVT Ltd.","1080","socks4","4909","1","2023-06-12T16:28:32.743Z","99","2196","2213"
"201.20.183.218","elite","AS11835","BR","Nova Fibra Telecom S.A.","280","Nova Fibra Telecom S.A","3128","socks4","4900","1","2023-06-12T16:28:31.645Z","99","2196","2226"
"103.105.40.21","elite","AS137143","IN","Minnal Digital Network Private Limited","190","Minnal Digital Network Private Limited","4145","socks4","4684","1","2023-06-12T16:28:31.644Z","99","2221","2237"
"104.16.105.146","elite","AS13335","US","Cloudflare, Inc.","2","Cloudflare, Inc.","80","socks4","5088","83","2023-06-12T16:28:31.840Z","100","2126","2126"
"103.94.133.92","elite","AS136128","ID","PT CITRA AKSES INDONUSA","163","PT CITRA AKSES INDONUSA","4153","socks4","989","1","2023-06-12T16:28:31.646Z","98","2187","2228"
"94.43.64.47","elite","AS35805","GE","JSC \"Silknet\"","78","Silknet - 4","5678","socks4","4694","1","2023-06-12T16:28:30.832Z","100","2220","2228"
"129.126.65.78","elite","AS17547","SG","M1 NET LTD","153","M1 NET LTD","4153","socks4","4707","92","2023-06-12T16:28:30.640Z","100","2229","2234"
"137.220.53.12","elite","AS20473","CA","The Constant Company","93","Vultr Holdings, LLC","10544","socks4","4988","2","2023-06-12T16:28:30.638Z","63","1340","2141"
"45.7.177.195","elite","AS266626","BR","Litoral Telecom","177","Litoral Telecom","39867","socks4","4887","1","2023-06-12T16:28:30.640Z","99","2204","2222"
"110.74.208.153","elite","AS38901","KH","EZECOM limited","201","EZECOM limited","21776","socks4","4895","1","2023-06-12T16:28:30.639Z","75","1592","2119"
"38.127.179.121","elite","AS174","US","Cogent Communications","94","Torlandia Trading SRL","11537","socks5","4409","1","2023-06-12T16:28:29.536Z","100","2170","2173"
"185.169.181.26","elite","AS34984","TR","Ates Dc","59","Ibrahim MALA trading as Ates Dc","4145","socks4","4801","1","2023-06-12T16:28:29.534Z","100","2134","2135"
"118.174.52.122","elite","AS23969","TH","TOT Public Company Limited","193","TOT Public Company Limited","5678","socks4","4789","1","2023-06-12T16:28:29.535Z","52","1152","2232"
"93.171.224.56","elite","AS211570","UA","PE TV and Radio Company Kentavr-TV","50","PE TV and Radio Company Kentavr-TV","4153","socks4","4590","1","2023-06-12T16:28:28.232Z","99","2209","2235"
"103.87.201.135","elite","AS58369","ID","PT. Fiber Networks Indonesia","163","PT. GARANSINDO INTER GLOBAL","4145","socks4","4518","1","2023-06-12T16:28:28.133Z","96","2134","2227"
"102.176.160.70","elite","AS37612","GN","2nd RO","189","N/A","5678","socks4","4693","1","2023-06-12T16:28:28.037Z","65","1417","2172"
"185.208.172.27","elite","AS202269","DE","BitCommand","97","BitCommand LLC","10204","socks4","4491","1","2023-06-12T16:28:28.234Z","56","1221","2193"
"203.150.145.95","elite","AS4618","TH","Internet Thailand Company Ltd","214","INEXT Broadband Company Limited","8080","socks5","4500","3","2023-06-12T16:28:28.233Z","100","2113","2115"
"81.162.199.93","elite","AS34955","CZ","Martin Vicenik","96","VicenikRoute","4153","socks4","4697","1","2023-06-12T16:28:27.442Z","100","2215","2226"
"103.200.135.229","elite","AS134739","MM","AGB Communication Co.Ltd","197","N/A","4145","socks4","4605","1","2023-06-12T16:28:27.443Z","13","266","2112"
"167.99.80.74","elite","AS14061","GB","DigitalOcean, LLC","97","DigitalOcean, LLC","8080","socks4","4411","2","2023-06-12T16:28:27.444Z","100","2153","2161"
"177.85.205.121","elite","AS52554","BR","S. A. da Silva Junior","191","S. A. da Silva Junior","3629","socks4","4503","1","2023-06-12T16:28:27.444Z","100","2228","2232"
"187.188.58.134","elite","AS22884","MX","Total Play Telecomunicaciones SA De CV","179","Total Play Telecomunicaciones SA De CV","4153","socks4","4512","3","2023-06-12T16:28:27.443Z","30","658","2187"
"103.66.233.137","elite","AS134014","IN","NET 4 U SERVICES","197","N/A","4145","socks4","4993","1","2023-06-12T16:28:25.732Z","100","2210","2216"
"176.102.70.102","elite","AS41929","RU","Sistemy Svyazi Llc","61","Sistemy Svyazi Llc","1080","socks5","5095","1","2023-06-12T16:28:25.641Z","100","2219","2230"
"146.56.191.240","elite","AS31898","KR","Oracle Corporation","379","Oracle Cloud Infrastructure (ap-seoul-1)","44884","socks5","5086","2","2023-06-12T16:28:25.642Z","99","2196","2217"
"198.44.206.1","elite","AS55077","US","Light Speed Technologies LLC","102","Light Speed Technologies LLC","1337","socks4","4901","1","2023-06-12T16:28:25.733Z","100","2211","2212"
"82.66.49.123","elite","AS12322","FR","Proxad / Free SAS","8","ProXad network / Free SA","80","socks5","4993","2","2023-06-12T16:28:25.639Z","100","2119","2120"
"31.206.38.46","elite","AS15924","TR","Vodafone NET Iletisim Hizmetleri Anonim Sirketi","69","Vfnet Data Support","37630","socks4","700","1","2023-06-12T16:28:24.440Z","100","2197","2206"
"103.10.210.17","elite","AS45804","IN","Meghbela Broadband","193","Meghbela Cable & Broadband Services (P) Ltd","44550","socks4","4804","1","2023-06-12T16:28:24.248Z","99","2197","2230"
"168.227.158.81","elite","AS52898","BR","Multipla Servi?os Inteligentes","280","Multipla Serviços Inteligentes","4145","socks4","4508","1","2023-06-12T16:28:24.247Z","99","2215","2230"
"173.195.27.157","elite","AS11976","US","Fidelity Communication International Inc.","199","Fidelity Communication International Inc.","10091","socks4","4914","1","2023-06-12T16:28:24.246Z","100","2223","2223"
"114.242.116.51","elite","AS4808","CN","China Unicom Beijing Province Network","291","N/A","4145","socks4","4699","1","2023-06-12T16:28:24.247Z","76","1679","2222"
"41.190.57.57","elite","AS31856","ZW","YoAHRE","201","N/A","5678","socks4","4998","1","2023-06-12T16:28:23.239Z","97","2110","2173"
"168.227.158.13","elite","AS52898","BR","Multipla Servi?os Inteligentes","203","Multipla Serviços Inteligentes","4145","socks4","5097","1","2023-06-12T16:28:23.239Z","99","2154","2171"
"186.137.12.51","elite","AS7303","AR","Telecom Argentina S.A","279","Fibertel","4145","socks4","4793","1","2023-06-12T16:28:23.346Z","85","1886","2225"
"45.174.248.1","elite","AS265582","MX","Wifmax S.A de C.V.","196","Wifmax S.A de C.V","9991","socks5","4707","1","2023-06-12T16:28:23.345Z","100","2193","2199"
"66.97.44.122","elite","AS27823","AR","Dattatec.com","296","Dattatec Corp","8080","socks4","795","1","2023-06-12T16:28:23.238Z","95","2108","2214"
"47.98.151.6","elite","AS37963","CN","Hangzhou Alibaba Advertising Co","279","Aliyun Computing Co., LTD","16144","socks5","5007","1","2023-06-12T16:28:22.032Z","75","1680","2229"
"185.32.21.10","elite","AS60352","AL","Maintainer","45","N/A","4145","socks4","4906","2","2023-06-12T16:28:22.033Z","100","2204","2214"
"186.67.177.125","elite","AS27651","CL","Entel Chile S.A.","256","Entel Chile S.A","5678","socks4","4814","1","2023-06-12T16:28:22.034Z","99","2211","2232"
"198.8.94.174","elite","AS46562","CA","Performive LLC","136","Total Server Solutions L.L.C","39078","socks5","4883","1","2023-06-12T16:28:21.839Z","98","2067","2111"
"103.89.62.81","elite","AS58972","IN","Bhomika Network PVT LTD","194","Bhomika Network Pvt Ltd","4153","socks4","4991","1","2023-06-12T16:28:21.835Z","99","2203","2225"
"124.158.144.186","elite","AS17995","ID","PT iForte Global Internet","299","N/A","1080","socks4","5097","1","2023-06-12T16:28:21.839Z","99","2218","2233"
"124.41.228.175","elite","AS17501","NP","WorldLink Communications","298","N/A","5678","socks4","4893","1","2023-06-12T16:28:21.834Z","100","2201","2212"
"177.184.67.81","elite","AS52898","BR","Multipla Serviços Inteligentes","293","Multipla Serviços Inteligentes","4145","socks4","4995","2","2023-06-12T16:28:21.838Z","99","2174","2187"
"197.234.13.97","elite","AS36902","SC","Intelvision","182","Intelvision Ltd","4145","socks4","4903","1","2023-06-12T16:28:21.836Z","100","2201","2211"
"192.53.171.180","elite","AS63949","US","Akamai Technologies, Inc.","112","Linode, LLC","10200","socks4","4886","1","2023-06-12T16:28:20.335Z","100","2205","2210"
"119.82.242.58","elite","AS24521","ID","Indonesia Network Information Center","197","N/A","4145","socks4","4117","2","2023-06-12T16:28:20.336Z","98","2166","2217"
"27.152.222.133","elite","AS4134","CN","Chinanet","283","Chinanet FJ","8001","socks4","2505","1","2023-06-12T16:28:20.336Z","60","1292","2168"
"200.34.215.1","elite","AS263722","AR","Jose Cartellone Construcciones Civiles S.A.","258","Jose Cartellone Construcciones Civiles S.A","4153","socks4","5075","2","2023-06-12T16:28:20.150Z","100","2192","2194"
"202.43.112.34","elite","AS45325","ID","PC24NET","194","N/A","4145","socks4","5094","2","2023-06-12T16:28:20.149Z","97","2161","2218"
"189.201.189.2","elite","AS28438","MX","ATC HOLDING FIBRA MEXICO, S. DE R.L. DE C.V.","181","ATC HOLDING FIBRA MEXICO, S. DE R.L. DE C.V","4145","socks4","4203","1","2023-06-12T16:28:18.933Z","99","2128","2152"
"111.172.234.244","elite","AS138982","CN","China Telecom","296","Chinanet HB","23456","socks5","4489","1","2023-06-12T16:28:18.932Z","71","1583","2221"
"36.95.231.205","elite","AS7713","ID","PT. Telekomunikasi Indonesia","167","Telekomunikasi Indonesia","5678","socks4","4713","88","2023-06-12T16:28:18.734Z","90","2006","2230"
"43.132.165.196","elite","AS132203","HK","Shenzhen Tencent Computer Systems Company Limited","298","Tencent Cloud Computing","16051","socks5","4906","1","2023-06-12T16:28:18.934Z","99","2219","2233"
"170.244.64.12","elite","AS266492","BR","Flash Servicos EM Fibra Optica Ltda - ME","199","Flash Servicos EM Fibra Optica Ltda - ME","31476","socks4","4696","1","2023-06-12T16:28:17.036Z","100","2216","2226"
"197.234.13.88","elite","AS36902","SC","Intelvision","167","Intelvision Ltd","4145","socks4","4594","2","2023-06-12T16:28:17.034Z","99","2163","2179"
"46.61.17.251","elite","AS12389","RU","BRAS Huawei ME60 (128kusers)","80","OJSC Rostelecom Macroregional Branch South","3128","socks5","4390","1","2023-06-12T16:28:17.036Z","62","1331","2149"
"117.242.224.163","elite","AS9829","IN","BSNL Internet","242","N/A","5678","socks5","902","2","2023-06-12T16:28:17.035Z","52","1138","2185"
"120.29.153.250","elite","AS38758","ID","PT Hipernet Indodata","192","N/A","5678","socks4","4798","2","2023-06-12T16:28:17.037Z","99","2214","2227"
"54.39.16.26","elite","AS16276","CA","OVH SAS","90","OVH Hosting, Inc.","55735","socks4","5102","1","2023-06-12T16:28:17.238Z","100","2179","2179"
"84.38.189.241","elite","AS49505","RU","OOO \"Network of data-centers \"Selectel\"","45","N/A","30073","socks4","4804","2","2023-06-12T16:28:17.236Z","94","2036","2173"
"176.105.199.153","elite","AS24812","UA","NPK Home-Net Ltd","60","NPK Home-Net Ltd","5678","socks4","5002","89","2023-06-12T16:28:17.237Z","86","1827","2119"
"119.5.236.99","elite","AS4837","CN","CNC Group CHINA169 Sichuan Province Network","389","N/A","24388","socks4","4808","2","2023-06-12T16:28:17.240Z","44","951","2165"
"154.66.108.9","elite","AS37642","LS","Comnet Pty Ltd","197","ISPClients","10081","socks4","5003","2","2023-06-12T16:28:15.642Z","99","2204","2220"
"190.69.24.18","elite","AS3816","CO","Colombia Telecomunicaciones S.a. ESP","159","Colombia Telecomunicaciones S.a. ESP","5678","socks4","4810","84","2023-06-12T16:28:14.133Z","97","2123","2178"
"46.29.116.6","elite","AS44963","RU","KMVtelecom","75","Joint Stock company \"KMVtelecom\"","4145","socks4","4715","1","2023-06-12T16:28:14.044Z","100","2232","2235"
"157.245.140.55","elite","AS14061","US","DigitalOcean, LLC","87","DigitalOcean, LLC","35965","socks5","5092","1","2023-06-12T16:28:14.134Z","100","2184","2186"
"43.240.113.91","elite","AS38794","TH","United Information Highway Co., Ltd.","182","United Information Highway Co., Ltd","42967","socks5","4994","86","2023-06-12T16:28:14.047Z","98","2190","2234"
"212.43.122.158","elite","AS21034","IT","MICSO-WADSL","95","Micso S.r.l.","1080","socks4","4613","1","2023-06-12T16:28:14.043Z","100","2167","2169"
"20.205.109.189","elite","AS8075","HK","Microsoft Corporation","187","Microsoft Azure Cloud (eastasia)","3128","socks4","4809","1","2023-06-12T16:28:14.044Z","100","2137","2137"
"188.255.245.253","elite","AS52116","RS","Orion Telekom ISP IP Network in Subotica","34","Orion Telekom Tim d.o.o.Beograd","1080","socks4","4910","1","2023-06-12T16:28:14.044Z","100","2212","2212"
"43.230.196.98","elite","AS133676","IN","Precious netcom pvt ltd","188","Precious netcom pvt ltd","48200","socks4","4797","1","2023-06-12T16:28:14.132Z","97","2160","2232"
"47.243.95.228","elite","AS45102","HK","Alibaba (US) Technology Co., Ltd.","288","Alibaba.com LLC","10080","socks5","4699","1","2023-06-12T16:28:12.041Z","98","2084","2117"
"160.226.139.135","elite","AS328178","ZA","Vinet Internet Solutions","219","Vinet Internet Solutions","1080","socks4","4901","1","2023-06-12T16:28:12.041Z","64","1415","2218"
"2.135.223.134","elite","AS9198","KZ","JSC Kazakhtelecom","113","Legion","5678","socks4","5115","2","2023-06-12T16:28:12.039Z","94","2047","2169"
"45.7.177.186","elite","AS266626","BR","Litoral Telecom","192","Litoral Telecom","39867","socks4","4793","1","2023-06-12T16:28:12.040Z","98","2159","2200"
"114.235.230.149","elite","AS4134","CN","Chinanet","196","Chinanet JS","44844","socks5","4582","2","2023-06-12T16:28:12.143Z","50","1115","2234"
"50.47.75.219","elite","AS20055","US","Wholesail networks LLC","190","Ziply Fiber","5678","socks4","4708","1","2023-06-12T16:28:10.635Z","96","2149","2233"
"104.223.45.93","elite","AS8100","US","QuadraNet Enterprises LLC","147","QuadraNet","80","socks5","5203","1","2023-06-12T16:28:10.445Z","100","2162","2165"
"46.227.37.17","elite","AS51155","PL","Telemedian - TB Telecom","101","Telemedian","1088","socks4","5003","1","2023-06-12T16:28:10.447Z","99","2213","2225"
"38.127.172.23","elite","AS174","US","Cogent Communications","81","Torlandia Trading SRL","11537","socks4","4799","1","2023-06-12T16:28:10.634Z","100","2131","2133"
"186.4.125.7","elite","AS27964","AR","RSO APOLO HIDALGO S.R.L.","234","RSO APOLO HIDALGO S.R.L","5678","socks4","4703","1","2023-06-12T16:28:10.444Z","59","1309","2229"
"81.12.169.254","elite","AS12302","RO","Vodafone RO","90","Vodafone Romania S.A.","4153","socks4","4794","1","2023-06-12T16:28:09.136Z","97","2172","2237"
"45.196.151.236","elite","AS7018","US","AT&T Services","82","AQUA Networks Limited","5432","socks4","4601","1","2023-06-12T16:28:09.135Z","97","2077","2137"
"45.70.206.33","elite","AS267586","BR","Rafael Pierre Barbosa - Me","173","Rafael Pierre Barbosa - Me","4145","socks4","4402","1","2023-06-12T16:28:08.942Z","100","2215","2220"
"45.7.177.243","elite","AS266626","BR","Litoral Telecom","187","Litoral Telecom","39867","socks4","4603","86","2023-06-12T16:28:08.940Z","99","2170","2188"
"162.255.108.249","elite","AS54755","US","Desert Winds Wireless","191","Desert Winds Wireless Inc","5678","socks4","2596","1","2023-06-12T16:28:08.942Z","100","2224","2229"
"101.51.104.213","elite","AS23969","TH","TOT Public Company Limited","198","TOT Public Company Limited","4145","socks4","4794","3","2023-06-12T16:28:08.941Z","59","1284","2191"
"49.233.61.206","elite","AS45090","CN","Shenzhen Tencent Computer Systems Company Limited","294","Tencent cloud computing (Beijing) Co., Ltd.","2080","socks4","4903","1","2023-06-12T16:28:07.236Z","56","1241","2198"
"103.51.44.17","elite","AS133819","ID","CIM","235","N/A","4145","socks4","4903","2","2023-06-12T16:28:07.233Z","99","2213","2234"
"136.243.50.175","elite","AS24940","DE","Hetzner Online GmbH","26","Hetzner","30214","socks4","5094","1","2023-06-12T16:28:07.445Z","100","2208","2209"
"116.58.227.73","elite","AS131090","TH","CAT-BB","293","N/A","4145","socks4","4911","1","2023-06-12T16:28:07.236Z","84","1872","2232"
"79.101.45.94","elite","AS8400","RS","TELEKOM-SRBIJA","79","N/A","56921","socks4","4413","1","2023-06-12T16:28:07.235Z","98","2178","2227"
"49.51.98.98","elite","AS132203","CA","OPHL","94","Tencent cloud computing (Beijing) Co., Ltd.","443","socks4","5192","1","2023-06-12T16:28:07.234Z","19","415","2193"
"175.106.10.226","elite","AS46023","ID","Quantum Dist POP GC","208","N/A","43579","socks4","1210","1","2023-06-12T16:28:07.236Z","72","1542","2142"
"169.239.221.89","elite","AS328471","ZA","Herotel","298","N/A","1080","socks4","4396","1","2023-06-12T16:28:07.235Z","98","2181","2226"
"103.239.200.226","elite","AS17970","PH","Sky Cable Corporation","195","TRI PH","1337","socks4","5093","1","2023-06-12T16:28:07.438Z","97","2157","2213"
"103.121.215.34","elite","AS58495","ID","PT Parsaoran Global Datatrans","182","PT. DUTA EMPAT SAUDARA","40927","socks4","4897","1","2023-06-12T16:28:05.744Z","99","2213","2234"
"82.165.137.115","elite","AS8560","DE","IONOS","9","N/A","7061","socks5","4894","1","2023-06-12T16:28:05.744Z","100","2231","2233"
"103.23.100.1","elite","AS58400","ID","Universitas Negeri Semarang, y","284","UNNES","4145","socks4","4708","1","2023-06-12T16:28:05.745Z","100","2229","2233"
"75.119.203.49","elite","AS26347","US","New Dream Network, LLC","182","New Dream Network, LLC","32238","socks4","4400","1","2023-06-12T16:28:05.745Z","100","2210","2211"
"38.127.179.211","elite","AS174","US","Cogent Communications","81","Torlandia Trading SRL","46656","socks4","4584","1","2023-06-12T16:28:05.947Z","100","2167","2168"
"103.47.93.236","elite","AS134058","IN","Broban Internet Services Pvt.ltd","152","Broban  PVT Ltd.","1080","socks4","4913","1","2023-06-12T16:28:04.236Z","99","2158","2175"
"137.184.102.16","elite","AS14061","US","DigitalOcean, LLC","85","DigitalOcean, LLC","18240","socks5","5099","1","2023-06-12T16:28:04.346Z","88","1914","2184"
"180.183.204.143","elite","AS45629","TH","Triple T Broadband Public Company Limited","200","Triple T Broadband Public Company Limited","8080","socks4","4696","2","2023-06-12T16:28:04.237Z","89","1959","2210"
"104.16.108.42","elite","AS13335","US","Cloudflare, Inc.","3","Cloudflare, Inc.","80","socks4","4297","1","2023-06-12T16:28:04.338Z","100","2132","2133"
"191.7.213.71","elite","AS263327","BR","HTM Serviços de Telecomunicações EIRELI","191","HTM SERVICOS DE TELECOMUNICACOES LTDA","31576","socks4","4702","1","2023-06-12T16:28:04.237Z","100","2144","2149"
"201.148.125.203","elite","AS61844","BR","Path Telecom S.A.","216","Path Telecom S.A","4145","socks4","5009","1","2023-06-12T16:28:04.340Z","100","2171","2181"
"81.150.169.217","elite","AS2856","GB","BT Public Internet Service","21","N/A","5678","socks4","3799","1","2023-06-12T16:28:04.238Z","100","2195","2204"
"46.23.155.18","elite","AS43314","RU","DIANET address","105","N/A","62638","socks4","4798","1","2023-06-12T16:28:04.339Z","91","2023","2229"
"105.27.143.174","elite","AS37100","ZA","SEACOM Limited Networks","163","N/A","4153","socks4","5103","1","2023-06-12T16:28:02.049Z","99","2163","2195"
"162.12.217.70","elite","AS204902","FR","Weelax","109","XIWO","3629","socks4","5108","1","2023-06-12T16:28:02.051Z","98","2157","2194"
"41.60.234.235","elite","AS30844","KE","Maintainer Liquid Telecommunications Operations Limited","199","Liquid Telecommunications Operations Limited","5678","socks4","4996","1","2023-06-12T16:28:02.147Z","83","1763","2135"
"192.12.113.254","elite","AS61942","BR","Turbonet Telecom Ltda","283","Turbonet Telecom Ltda","4145","socks4","5302","1","2023-06-12T16:28:02.051Z","30","653","2167"
"170.254.255.240","elite","AS52584","BR","Connect Fibra","222","Connect Fibra","45816","socks4","5096","1","2023-06-12T16:28:02.050Z","98","2155","2200"
"110.77.171.70","elite","AS131090","TH","CAT-BB","203","N/A","8080","socks4","4493","3","2023-06-12T16:28:02.050Z","66","1388","2110"
"45.13.59.103","elite","AS51167","DE","Contabo GmbH","15","Contabo GmbH","1080","socks5","5011","2","2023-06-12T16:28:02.235Z","100","2220","2225"
"143.202.227.51","elite","AS262346","BR","FP Telecomunicacoes Ltda","207","FP Telecomunicacoes Ltda","4145","socks4","5004","1","2023-06-12T16:28:00.442Z","79","1693","2134"
"103.83.36.1","elite","AS136171","US","Medha Hosting","108","Medhahosting in","5678","socks4","5107","1","2023-06-12T16:28:00.333Z","100","2227","2228"
"104.18.166.99","elite","AS13335","US","Cloudflare, Inc.","2","Cloudflare, Inc.","80","socks4","4597","1","2023-06-12T16:28:00.441Z","100","2161","2162"
"31.13.33.4","elite","AS8732","RU","JSC Comcor","84","Comcor","8080","socks5","5098","83","2023-06-12T16:28:00.334Z","100","2141","2142"
"38.127.172.219","elite","AS174","US","Cogent Communications","80","Torlandia Trading SRL","55994","socks5","5092","1","2023-06-12T16:27:59.035Z","100","2147","2150"
"89.237.35.10","elite","AS20485","RU","multi-origin SUTTK","78","N/A","51549","socks4","5192","1","2023-06-12T16:27:58.934Z","99","2204","2218"
"218.1.200.18","elite","AS4812","CN","China Telecom","194","N/A","57114","socks5","4992","1","2023-06-12T16:27:58.952Z","35","751","2176"
"170.254.255.239","elite","AS52584","BR","Connect Fibra","293","Connect Fibra","45816","socks4","3293","1","2023-06-12T16:27:58.935Z","98","2166","2210"
"103.228.246.129","elite","AS59282","ID","Giga Patra Multimedia","202","N/A","5678","socks4","4913","2","2023-06-12T16:27:58.951Z","99","2148","2177"
"203.112.134.74","elite","AS140641","IN","Yotta Network Services Private Limited","190","Yotta Network Services Private Limited","5678","socks4","4600","1","2023-06-12T16:27:58.935Z","100","2232","2234"
"143.198.167.240","elite","AS14061","US","DigitalOcean, LLC","82","DigitalOcean, LLC","80","socks4","5007","1","2023-06-12T16:27:57.536Z","99","2216","2228"
"177.38.182.166","elite","AS52971","BR","Micks Telecom Eireli","293","Prefeitura Municipal de Guanambi","5678","socks4","5090","2","2023-06-12T16:27:57.534Z","99","2178","2191"
"54.36.183.52","elite","AS16276","FR","OVH SAS","6","OVH","9173","socks5","4885","1","2023-06-12T16:27:57.537Z","88","1860","2107"
"58.48.122.170","elite","AS4134","CN","Chinanet","283","Chinanet HB","7302","socks5","4195","2","2023-06-12T16:27:57.441Z","75","1645","2196"
"8.210.206.32","elite","AS45102","HK","Alibaba (US) Technology Co., Ltd.","294","Alibaba.com Singapore E-Commerce Private Limited","47161","socks5","3397","83","2023-06-12T16:27:57.442Z","99","2178","2205"
"88.20.124.158","elite","AS3352","ES","Telefonica de Espana SAU","84","RIMA (Red IP Multi Acceso)","4145","socks4","4797","1","2023-06-12T16:27:57.337Z","91","1983","2169"
"81.46.202.112","elite","AS16371","ES","acens Technologies","96","ACENS-TELEFONICA","8080","socks4","5099","1","2023-06-12T16:27:57.338Z","100","2165","2166"
"14.232.161.29","elite","AS45899","VN","VNPT","296","Vietnam Posts and Telecommunications Group","10801","socks4","5098","1","2023-06-12T16:27:57.533Z","35","781","2232"
"51.68.93.11","elite","AS16276","FR","OVH SAS","88","OVH","46979","socks5","3091","1","2023-06-12T16:27:57.537Z","100","2136","2136"
"106.3.142.85","elite","AS4808","CN","IDC, China Telecommunications Corporation","298","Beijing capitalonline data service co., LTD","4153","socks4","5098","1","2023-06-12T16:27:57.443Z","75","1667","2234"
"89.41.106.8","elite","AS8926","MD","JSC \"Moldtelecom\" S.A","50","JSC Moldtelecom S.A.","4145","socks4","4413","1","2023-06-12T16:27:57.335Z","99","2130","2152"
"103.47.94.97","elite","AS134058","IN","Broban Internet Services Pvt.ltd","185","Broban  PVT Ltd.","1080","socks4","4902","2","2023-06-12T16:27:57.337Z","99","2200","2217"
"45.137.155.126","elite","AS44477","UA","Stark Industries Solutions LTD","95","Stark Industries Solutions LTD","12345","socks4","4890","1","2023-06-12T16:27:55.744Z","53","1145","2151"
"89.58.44.48","elite","AS197540","DE","netcup GmbH","87","netcup GmbH","47287","socks4","4795","1","2023-06-12T16:27:55.743Z","100","2214","2218"
"14.207.206.223","elite","AS45629","TH","Triple T Broadband Public Company Limited","288","Triple T Broadband Public Company Limited","8080","socks4","5108","1","2023-06-12T16:27:55.635Z","95","2075","2175"
"139.180.144.210","elite","AS20473","SG","Choopa","195","N/A","50697","socks4","4800","1","2023-06-12T16:27:55.744Z","100","2226","2232"
"103.66.232.5","elite","AS134014","IN","NET 4 U SERVICES","202","N/A","4145","socks4","4897","1","2023-06-12T16:27:55.634Z","99","2167","2184"
"5.2.77.207","elite","AS60404","NL","The Infrastructure Group B.V.","12","TIG","9050","socks4","5085","1","2023-06-12T16:27:55.743Z","100","2212","2214"
"202.44.228.36","elite","AS4618","TH","Internet Thailand Company Ltd.","193","Internet Thailand Company Limited","4153","socks4","4606","86","2023-06-12T16:27:54.149Z","52","1137","2172"
"175.101.18.21","elite","AS17754","IN","ExcellMedia Pvt Ltd","214","Excell Media Pvt Ltd","5678","socks4","4696","1","2023-06-12T16:27:54.148Z","99","2215","2228"
"116.202.100.234","elite","AS24940","DE","Hetzner","23","N/A","37435","socks4","4803","1","2023-06-12T16:27:54.032Z","100","2217","2217"
"45.7.177.179","elite","AS266626","BR","Litoral Telecom","176","Litoral Telecom","39867","socks4","4690","1","2023-06-12T16:27:54.033Z","98","2168","2217"
"92.53.90.84","elite","AS49505","RU","OOO \"Network of data-centers \"Selectel\"","46","Selectel Ltd.","4763","socks5","5010","1","2023-06-12T16:27:52.744Z","99","2199","2231"
"220.247.174.42","elite","AS9341","ID","PT Indonesia Comnets Plus","230","Iconpln","5678","socks4","4813","2","2023-06-12T16:27:52.738Z","96","2149","2232"
"27.159.189.12","elite","AS4134","CN","Chinanet","286","Chinanet FJ","8004","socks4","4500","1","2023-06-12T16:27:51.051Z","68","1488","2200"
"82.117.252.143","elite","AS204957","US","Green Floid LLC","192","Green Floid LLC","16701","socks5","4590","2","2023-06-12T16:27:51.050Z","99","2215","2228"
"51.89.3.130","elite","AS16276","GB","OVH SAS","88","OVH BE","30444","socks4","4903","1","2023-06-12T16:27:51.059Z","100","2113","2113"
"164.132.68.216","elite","AS16276","FR","OVH SAS","9","EL Zayat Hadi","8888","socks4","4687","83","2023-06-12T16:27:51.058Z","100","2230","2235"
"197.234.13.93","elite","AS36902","SC","Intelvision","190","Intelvision Ltd","4145","socks4","5007","1","2023-06-12T16:27:50.846Z","99","2142","2157"
"177.128.44.129","elite","AS262605","BR","BRASIL TECNOLOGIA E PARTICIPACOES S/A","213","BRASIL TECNOLOGIA E PARTICIPACOES S/A","31337","socks4","4606","1","2023-06-12T16:27:50.843Z","100","2215","2217"
"103.36.35.249","elite","AS131111","ID","PT Mora Telematika Indonesia","202","PT Tunas Sukses Mandiri","5678","socks4","3207","1","2023-06-12T16:27:50.843Z","100","2217","2226"
"185.103.14.155","elite","AS25281","LB","MTM s.a.r.l","69","MTM","4153","socks4","4701","1","2023-06-12T16:27:50.846Z","41","907","2230"
"170.81.108.46","elite","AS266416","BR","L3 NETWORKS E TELECOMUNICACOES LTDA","292","L3 NETWORKS E TELECOMUNICACOES LTDA","4153","socks4","4192","1","2023-06-12T16:27:49.434Z","100","2154","2160"
"45.7.177.241","elite","AS266626","BR","Litoral Telecom","187","Litoral Telecom","39867","socks4","4803","1","2023-06-12T16:27:49.435Z","99","2192","2210"
"109.73.189.7","elite","AS49924","IT","ECROM-MAIN","83","N/A","5678","socks4","4589","1","2023-06-12T16:27:47.840Z","69","1532","2216"
"158.58.133.38","elite","AS47586","RU","Dmitriy V. Kozmenko","85","Business-Svyaz TM","5678","socks4","5095","1","2023-06-12T16:27:46.041Z","96","2139","2232"
"209.145.51.228","elite","AS40021","US","Nubes, LLC","109","Contabo Inc","46438","socks4","4599","1","2023-06-12T16:27:46.039Z","90","1916","2132"
"166.62.52.254","elite","AS26496","US","GoDaddy.com, LLC","148","GoDaddy.com, LLC","5138","socks4","4903","1","2023-06-12T16:27:46.039Z","98","2111","2156"
"46.227.38.1","elite","AS51155","PL","TB Telecom Sp. z o. o.","92","Telemedian","1088","socks4","5006","1","2023-06-12T16:27:45.940Z","100","2227","2233"
"197.254.7.86","elite","AS15808","KE","ACCESSKENYA","139","N/A","4145","socks4","3903","1","2023-06-12T16:27:45.938Z","95","2105","2225"
"70.90.67.141","elite","AS7922","US","Comcast Cable Communications, LLC","187","Comcast Cable Communications, LLC","54321","socks4","4701","1","2023-06-12T16:27:45.937Z","98","2182","2227"
"172.104.56.209","elite","AS63949","SG","Akamai Technologies","194","Linode","9050","socks5","1898","1","2023-06-12T16:27:45.941Z","100","2201","2210"
"177.12.176.250","elite","AS263033","BR","Linxbr Telecomunicacoes Ltda","194","Linkli Telecomunicacoes Ltda","4153","socks4","4899","1","2023-06-12T16:27:45.938Z","100","2194","2200"
"184.95.235.194","elite","AS22652","CA","Fibrenoire Inc","90","Videotron Telecom Ltee","1080","socks5","4606","3","2023-06-12T16:27:45.940Z","100","2183","2183"
"187.44.1.248","elite","AS28202","BR","Rede Brasileira de Comunicacao S/A","284","Rede Brasileira de Comunicacao S/A","5678","socks4","4411","1","2023-06-12T16:27:43.332Z","66","1480","2234"
"69.163.162.211","elite","AS26347","US","New Dream Network, LLC","197","New Dream Network, LLC","46007","socks4","4593","1","2023-06-12T16:27:43.334Z","100","2166","2166"
"31.206.38.49","elite","AS15924","TR","Vodafone NET Iletisim Hizmetleri Anonim Sirketi","68","Vfnet Data Support","37630","socks4","5093","97","2023-06-12T16:27:43.740Z","100","2202","2211"
"46.227.37.21","elite","AS51155","PL","Telemedian - TB Telecom","90","Telemedian","1088","socks4","5192","1","2023-06-12T16:27:43.249Z","100","2224","2232"
"34.64.4.104","elite","AS139070","KR","Google Asia Pacific Pte. Ltd.","299","Google LLC","80","socks4","5087","1","2023-06-12T16:27:43.333Z","100","2107","2107"
"43.153.52.192","elite","AS132203","US","Shenzhen Tencent Computer Systems Company Limited","166","Tencent Cloud Computing","443","socks4","4806","1","2023-06-12T16:27:43.732Z","51","1113","2185"
"95.140.124.173","elite","AS9125","RS","Drustvo za telekomunikacije Orion telekom doo Beograd, Gandijeva 76a","37","Orion Telekom Network","1080","socks4","3700","1","2023-06-12T16:27:43.637Z","100","2218","2221"
"185.216.18.138","elite","AS205500","RU","Mega Tec LLC","188","Mega Tec LLC","44550","socks4","3902","1","2023-06-12T16:27:43.248Z","100","1","1"
"181.129.186.130","elite","AS13489","CO","EPM Telecomunicaciones S.A. E.S.P.","156","EPM Telecomunicaciones S.A. E.S.P","5678","socks5","5096","1","2023-06-12T16:27:43.738Z","98","2123","2158"
"45.76.144.30","elite","AS20473","SG","The Constant Company","197","Vultr Holdings, LLC","41086","socks4","4900","1","2023-06-12T16:27:43.247Z","77","1729","2234"
"178.134.71.138","elite","AS35805","GE","JSC \"Silknet\"","82","Silknet - 6","37590","socks4","4399","90","2023-06-12T16:27:43.740Z","98","2200","2238"
"89.31.143.12","elite","AS15598","DE","United Domains via IP Exchange GmbH","90","united-domains AG","80","socks4","5091","5","2023-06-12T16:27:41.732Z","100","2126","2126"
"103.47.253.58","elite","AS133918","MY","Suria Data Centre Sdn. Bhd.","184","Suria Data Centre Sdn. Bhd","50550","socks5","4910","2","2023-06-12T16:27:41.733Z","100","2211","2217"
"202.40.177.94","elite","AS23991","BD","Ranks ITT","196","Ranks ITT Ltd.","5678","socks4","286","1","2023-06-12T16:27:41.540Z","99","2210","2225"
"203.6.226.172","elite","AS58519","CN","Cloud Computing Corporation","289","Chinanet GD","8888","socks4","4390","1","2023-06-12T16:27:41.539Z","55","1220","2206"
"185.61.94.65","elite","AS48166","RU","Fortex CJSC","52","N/A","43110","socks4","4690","1","2023-06-12T16:27:40.235Z","100","2215","2218"
"103.70.159.156","elite","AS133720","IN","speednet","190","N/A","5678","socks4","4899","1","2023-06-12T16:27:40.234Z","99","2193","2208"
"119.8.111.196","elite","AS136907","HK","Huawei International Pte. LTD","282","N/A","1080","socks5","3390","2","2023-06-12T16:27:40.347Z","80","1792","2236"
"177.85.205.125","elite","AS52554","BR","S. A. da Silva Junior","194","JR NET - JRCONECTA TELECOM","3629","socks4","4901","1","2023-06-12T16:27:40.233Z","100","2209","2210"
"177.104.192.122","elite","AS262632","BR","Grajaunet Telecomunicacoes Eireli","198","Grajaunet Telecomunicacoes Eireli","41443","socks4","4203","1","2023-06-12T16:27:40.348Z","100","2218","2221"
"104.23.126.8","elite","AS13335","US","Cloudflare, Inc.","2","Cloudflare, Inc.","80","socks4","4309","1","2023-06-12T16:27:40.346Z","100","2153","2153"
"110.78.186.127","elite","AS131090","TH","CAT-BB","197","N/A","4145","socks4","5199","2","2023-06-12T16:27:40.235Z","66","1447","2205"
"202.61.251.201","elite","AS197540","DE","netcup GmbH","109","netcup GmbH","9097","socks4","4998","1","2023-06-12T16:27:40.435Z","97","2167","2245"
"190.103.240.4","elite","AS27983","AR","Red Intercable Digital S.A.","223","Ercom SRL","4153","socks4","5187","1","2023-06-12T16:27:40.234Z","84","1864","2230"
"106.110.200.3","elite","AS4134","CN","Chinanet","287","Chinanet GD","57114","socks4","4919","1","2023-06-12T16:27:40.347Z","67","1463","2168"
"41.242.90.3","elite","AS37612","GN","1st RO","198","N/A","57520","socks4","4907","1","2023-06-12T16:27:40.348Z","98","2109","2157"
"125.24.56.159","elite","AS23969","TH","TOT Public Company Limited","195","TOT Public Company Limited","4145","socks4","4890","1","2023-06-12T16:27:38.652Z","65","1371","2110"
"93.90.212.2","elite","AS44963","RU","Stavtelecom LLC","100","JSC KMVtelecom network","4153","socks4","4689","2","2023-06-12T16:27:38.539Z","100","2227","2233"
"125.141.139.60","elite","AS4766","KR","Korea Telecom","282","KORNET","5566","socks4","3895","2","2023-06-12T16:27:38.540Z","81","1798","2227"
"195.64.235.233","elite","AS50115","UA","Lekol LLC","51","N/A","4153","socks4","4988","83","2023-06-12T16:27:38.539Z","87","1935","2227"
"147.161.166.35","elite","AS62044","GB","Zscaler LON3","8","Zscaler, Inc.","10326","socks4","4902","2","2023-06-12T16:27:38.647Z","97","2077","2132"
"91.245.227.59","elite","AS48347","RU","JSC Mediasoft ekspert","97","MT FINANCE LLC","1080","socks4","4501","1","2023-06-12T16:27:38.648Z","92","1975","2136"
"70.60.230.33","elite","AS11426","US","Spectrum","99","Fastlink Communications Inc","32940","socks4","5205","1","2023-06-12T16:27:36.738Z","100","2226","2228"
"61.7.138.52","elite","AS131090","TH","CAT Telecom Public Company Limited","198","National Telecom Public Company Limited","5678","socks4","4105","1","2023-06-12T16:27:36.941Z","77","1721","2228"
"41.70.12.54","elite","AS37215","MW","Malawi Research and Education Network - MAREN","394","N/A","5678","socks4","4603","1","2023-06-12T16:27:36.738Z","85","1885","2216"
"212.83.143.223","elite","AS12876","FR","Online S.A.S.","2","ONLINE","24333","socks4","4990","1","2023-06-12T16:27:36.739Z","100","2220","2226"
"170.78.92.30","elite","AS265500","BR","Almeirim Telecom Ltda - ME","292","Rede Ultra MF Telecom","5678","socks4","4403","1","2023-06-12T16:27:36.942Z","97","2151","2228"
"95.182.78.2","elite","AS50648","UA","PE UAinet","95","PE UAinet","5678","socks4","5191","1","2023-06-12T16:27:36.739Z","99","2146","2168"
"177.72.115.65","elite","AS262558","BR","Prompt Brasil Solucoes EM TI Ltda","198","Prompt Brasil Solucoes EM TI Ltda","31164","socks4","4889","1","2023-06-12T16:27:36.737Z","99","2220","2236"
"200.49.47.210","elite","AS28226","BR","Vogel Soluções em Telecom e Informática S/A","300","Vogel Soluções em Telecom e Informática S/A","5678","socks4","4900","1","2023-06-12T16:27:36.940Z","80","1739","2163"
"170.254.255.243","elite","AS52584","BR","Connect Fibra","299","Connect Fibra","45816","socks4","4993","2","2023-06-12T16:27:35.241Z","98","2204","2240"
"186.251.255.1","elite","AS267513","BR","Seanet Telecom Carazinho Eireli","295","Seanet Telecom Carazinho Eireli","31337","socks4","1399","1","2023-06-12T16:27:35.242Z","100","2206","2215"
"77.46.138.37","elite","AS8400","RS","TELEKOM-SRBIJA","40","N/A","33608","socks4","4609","1","2023-06-12T16:27:35.240Z","100","2224","2226"
"103.84.178.2","elite","AS136279","IN","Glo Internet Services Pvt Ltd","194","Glo  Pvt Ltd","4153","socks4","5186","1","2023-06-12T16:27:35.435Z","100","2155","2163"
"14.115.106.207","elite","AS4134","CN","Chinanet","212","Chinanet GD","3629","socks4","3593","1","2023-06-12T16:27:33.747Z","40","883","2192"
"36.67.147.222","elite","AS7713","ID","PT. Telekomunikasi Indonesia","294","N/A","4153","socks4","4701","1","2023-06-12T16:27:33.551Z","95","2107","2227"
"178.254.18.11","elite","AS42730","DE","BLU-VH","11","1blu AG","57335","socks5","4710","1","2023-06-12T16:27:33.834Z","98","2177","2214"
"172.67.206.105","elite","AS13335","US","Cloudflare, Inc.","3","Cloudflare, Inc.","80","socks4","5004","1","2023-06-12T16:27:33.746Z","100","2146","2148"
"172.64.80.55","elite","AS13335","US","Cloudflare, Inc.","2","Cloudflare, Inc.","80","socks4","4982","1","2023-06-12T16:27:32.051Z","100","2121","2121"
"62.89.31.164","elite","AS49800","AM","GNC-Alfa CJSC","78","GNC","5678","socks4","4899","1","2023-06-12T16:27:32.136Z","99","2196","2209"
"43.229.254.163","elite","AS23679","ID","Media Antar Nusa PT.","194","Nusanet","1080","socks4","5097","2","2023-06-12T16:27:32.052Z","97","2127","2194"
"104.16.207.86","elite","AS13335","US","Cloudflare, Inc.","2","Cloudflare, Inc.","80","socks5","5087","3","2023-06-12T16:27:32.050Z","100","2225","2225"
"78.90.92.28","elite","AS35141","BG","A1 Bulgaria EAD","97","Megalan Network Ltd.","5678","socks4","4504","1","2023-06-12T16:27:31.933Z","98","2169","2221"
"103.51.44.5","elite","AS133819","ID","CIM","285","N/A","4145","socks4","4996","1","2023-06-12T16:27:30.232Z","99","2209","2224"
"185.97.122.253","elite","AS200752","IT","Unitel S.R.L.","27","Spinnaker Srl","4153","socks4","4800","1","2023-06-12T16:27:30.440Z","96","2106","2204"
"187.157.30.202","elite","AS8151","MX","Uninet S.A. de C.V.","296","Uninet S.A. de C.V.","4153","socks4","4686","1","2023-06-12T16:27:30.152Z","98","2171","2222"
"83.228.47.75","elite","AS8866","BG","BTC-BROADBAND","91","Bulgarian Telecommunications Company Plc.","2086","socks5","3303","84","2023-06-12T16:27:30.432Z","99","2116","2138"
"138.97.0.66","elite","AS262346","BR","FP Telecomunicacoes Ltda","212","FP Telecomunicacoes Ltda","4145","socks4","4805","1","2023-06-12T16:27:30.434Z","73","1614","2196"
"49.70.82.204","elite","AS4134","CN","Chinanet","194","Chinanet JS","44844","socks5","4889","1","2023-06-12T16:27:30.433Z","51","1117","2192"
"159.65.116.119","elite","AS14061","DE","DigitalOcean, LLC","33","DigitalOcean, LLC","30199","socks5","4893","1","2023-06-12T16:27:30.439Z","94","2105","2234"
"148.153.23.18","elite","AS63199","US","CDS Global Cloud Co., Ltd","199","CDS Global Cloud Co., Ltd","39593","socks4","4509","1","2023-06-12T16:27:30.433Z","100","2236","2237"
"41.190.233.56","elite","AS37638","CD","ORIONCOM-SAT","187","N/A","5678","socks4","3407","1","2023-06-12T16:27:28.640Z","99","2213","2228"
"35.244.232.197","elite","AS15169","US","Google LLC","2","Google Cloud","80","socks4","5102","2","2023-06-12T16:27:28.742Z","100","2111","2111"
"114.9.16.50","elite","AS4761","ID","PT. INDOSAT Tbk","193","PT. INDOSAT Tbk","5678","socks4","4894","1","2023-06-12T16:27:28.743Z","99","2215","2233"
"104.16.105.142","elite","AS13335","US","Cloudflare, Inc.","8","Cloudflare, Inc.","80","socks4","4502","84","2023-06-12T16:27:28.740Z","100","2201","2201"
"66.152.171.75","elite","AS35916","US","Multacom Corporation","163","Multacom Corporation","59057","socks5","4812","1","2023-06-12T16:27:28.743Z","84","1847","2207"
"201.159.8.126","elite","AS263778","AR","Coop. Serv. Pub. Limit. Tres Arroyos, CELTA","290","Coop. Serv. Pub. Limit. Tres Arroyos, CELTA","5678","socks4","4701","2","2023-06-12T16:27:28.642Z","96","2123","2222"
"92.255.172.214","elite","AS41682","RU","CJSC \"ER-Telecom Holding\" Tyumen' branch","99","CJSC \"ER-Telecom Holding\" Tyumen branch","8080","socks5","4712","2","2023-06-12T16:27:28.640Z","100","2111","2121"
"113.53.247.221","elite","AS131293","TH","TOT Public Company Limited","166","TOT Public Company Limited","4153","socks4","3713","1","2023-06-12T16:27:26.647Z","87","1942","2223"
"103.82.11.233","elite","AS136156","BD","FNF Online","183","N/A","4153","socks4","4395","1","2023-06-12T16:27:26.646Z","99","2195","2222"
"194.113.104.148","elite","AS59504","RU","vpsville.ru","102","Vpsville LLC","3600","socks4","4609","2","2023-06-12T16:27:26.935Z","100","2164","2166"
"45.196.151.120","elite","AS7018","US","AT&T Services","98","AQUA Networks Limited","5432","socks4","4492","1","2023-06-12T16:27:26.646Z","97","2102","2162"
"45.77.222.98","elite","AS20473","US","The Constant Company","101","Vultr Holdings, LLC","10312","socks5","4997","1","2023-06-12T16:27:25.235Z","57","1211","2113"
"119.197.0.17","elite","AS4766","KR","Korea Telecom","230","Kornet","4145","socks4","5093","1","2023-06-12T16:27:25.148Z","100","2225","2233"
"110.139.125.237","elite","AS7713","ID","PT. TELKOM INDONESIA","286","N/A","4145","socks4","4703","4","2023-06-12T16:27:25.148Z","88","1906","2169"
"128.199.114.221","elite","AS14061","SG","DigitalOcean, LLC","188","DigitalOcean, LLC","60879","socks5","4897","1","2023-06-12T16:27:25.147Z","100","2168","2170"
"192.154.244.92","elite","AS64200","US","Vivid-hosting LLC","183","Vivid-hosting LLC","9000","socks4","4794","1","2023-06-12T16:27:24.936Z","100","2213","2220"
"178.154.228.16","elite","AS200350","RU","Yandex Cloud","50","N/A","9050","socks5","5196","2","2023-06-12T16:27:24.934Z","100","2231","2232"
"182.253.158.114","elite","AS17451","ID","BIZNET","189","N/A","4145","socks4","4693","1","2023-06-12T16:27:23.352Z","95","2110","2215"
"78.137.58.119","elite","AS25133","UA","broadband","102","N/A","5678","socks4","4294","1","2023-06-12T16:27:23.436Z","57","1227","2144"
"181.40.90.26","elite","AS23201","PY","Telecel S.A.","238","Telecel S.A","999","socks5","5083","1","2023-06-12T16:27:23.339Z","99","2216","2232"
"103.69.20.38","elite","AS135724","IN","Allnet Broadband Network PVT LTD","157","Allnet Broadband Network Pvt Ltd","4145","socks4","4808","1","2023-06-12T16:27:23.353Z","100","2166","2170"
"172.104.154.229","elite","AS63949","DE","Akamai Technologies","11","Linode","1082","socks5","4198","1","2023-06-12T16:27:22.043Z","100","2170","2170"
"111.53.178.249","elite","AS56042","CN","China Mobile communications corporation","317","China Mobile","7302","socks5","5102","1","2023-06-12T16:27:22.039Z","71","1504","2112"
"182.34.147.247","elite","AS4134","CN","Chinanet","215","Chinanet SD","1080","socks4","4787","85","2023-06-12T16:27:22.039Z","46","987","2152"
"104.19.171.188","elite","AS13335","US","Cloudflare, Inc.","3","Cloudflare, Inc.","80","socks5","4697","1","2023-06-12T16:27:22.038Z","100","2121","2121"
"186.219.96.47","elite","AS262420","BR","Cabonnet Internet Ltda","214","Cabonnet Internet Ltda","49923","socks4","3701","1","2023-06-12T16:27:21.843Z","99","2212","2228"
"94.23.4.127","elite","AS16276","FR","OVH ISP","5","OVH","8444","socks4","4600","2","2023-06-12T16:27:21.841Z","100","2234","2234"
"103.233.154.19","elite","AS17451","ID","BIZNET","192","N/A","4145","socks4","4586","1","2023-06-12T16:27:21.842Z","99","2209","2227"
"61.7.138.71","elite","AS131090","TH","CAT Telecom Public Company Limited","197","National Telecom Public Company Limited","4145","socks4","4795","1","2023-06-12T16:27:20.344Z","85","1888","2211"
"172.105.97.61","elite","AS63949","CA","Akamai Technologies","91","Linode","61743","socks5","4903","83","2023-06-12T16:27:20.348Z","100","2122","2122"
"112.250.106.50","elite","AS4837","CN","China Unicom CHINA169 Shandong Province Network","170","N/A","7302","socks5","4408","97","2023-06-12T16:27:20.344Z","75","1680","2230"
"190.2.144.46","elite","AS49981","NL","WorldStream B.V.","15","WorldStream B.V","18013","socks4","4501","1","2023-06-12T16:27:20.349Z","72","1528","2121"
"94.182.26.44","elite","AS31549","IR","Aria Shatel Company Ltd","126","Shtl NET DED","4153","socks4","5001","85","2023-06-12T16:27:20.343Z","95","2117","2230"
"123.200.9.30","elite","AS23688","BD","Link3 Technologies Limited","166","Corporate Subscriber","5678","socks4","4698","1","2023-06-12T16:27:20.343Z","96","2145","2232"
"31.210.225.135","elite","AS42666","ES","Embou Clientes","384","N/A","4153","socks4","4790","1","2023-06-12T16:27:18.241Z","84","1866","2232"
"81.199.14.49","elite","AS36892","GB","IPTEC Limited","204","Gilat Satcom Ltd.","1088","socks4","4898","2","2023-06-12T16:27:18.236Z","99","2206","2232"
"64.90.50.227","elite","AS26347","US","New Dream Network, LLC","185","New Dream Network, LLC","55552","socks5","4594","1","2023-06-12T16:27:18.334Z","100","2166","2166"
"46.227.37.65","elite","AS51155","PL","Telemedian - TB Telecom","41","Telemedian","1088","socks4","4903","2","2023-06-12T16:27:18.240Z","100","2105","2112"
"201.234.24.9","elite","AS265758","AR","Cooperativa De Obras Y Servicios Publicos De Despenaderos Limitada","263","Level 3 Argentina S.A","4153","socks4","2609","1","2023-06-12T16:27:18.239Z","96","2096","2189"
"103.30.0.249","elite","AS131778","ID","PT. Dian Nuswantoro Teknologi","205","N/A","4145","socks4","5087","1","2023-06-12T16:27:18.333Z","99","2179","2190"
"1.4.214.148","elite","AS23969","TH","TOT Public Company Limited","184","TOT Public Company Limited","5678","socks4","5101","1","2023-06-12T16:27:18.235Z","99","2214","2227"
"173.249.2.150","elite","AS51167","DE","Contabo GmbH","98","Contabo GmbH","57725","socks4","4706","1","2023-06-12T16:27:18.332Z","100","2107","2117"
"176.236.98.171","elite","AS34984","TR","Superonline Iletisim Hizmetleri A.S.","75","Veganet Teknolojileri VE Hizmetleri Limited","9090","socks5","4904","81","2023-06-12T16:27:18.753Z","100","2161","2170"
"117.102.224.38","elite","AS23756","ID","PT Padi Internet","205","N/A","1080","socks4","5096","1","2023-06-12T16:27:18.335Z","100","2227","2231"
"79.100.14.137","elite","AS8866","BG","BTC-BROADBAND","87","BTC Plc","8080","socks5","3095","1","2023-06-12T16:27:18.334Z","99","2139","2157"
"104.16.221.57","elite","AS13335","US","Cloudflare, Inc.","2","Cloudflare, Inc.","80","socks5","4911","1","2023-06-12T16:27:16.238Z","100","2153","2154"
"189.174.143.230","elite","AS8151","MX","Uninet S.A. de C.V","185","Gestión de direccionamiento UniNet","4145","socks4","4898","1","2023-06-12T16:27:16.039Z","92","2054","2232"
"138.201.92.34","elite","AS24940","DE","Hetzner Online GmbH","26","Hetzner","1080","socks5","4990","1","2023-06-12T16:27:16.038Z","97","2062","2116"
"46.227.37.177","elite","AS51155","PL","Telemedian - TB Telecom","42","Telemedian","1088","socks4","4894","1","2023-06-12T16:27:16.040Z","100","2198","2204"
"154.72.183.230","elite","AS15964","CM","CAMTEL additional","182","N/A","5678","socks4","5091","1","2023-06-12T16:27:16.240Z","80","1748","2195"
"99.26.234.177","elite","AS7018","US","AT&T Services, Inc.","119","Private Customer - AT&T Internet Services","5678","socks4","4919","1","2023-06-12T16:27:16.039Z","99","2126","2155"
"64.124.145.1","elite","AS6461","US","Zayo Bandwidth","114","D&P Digital Forensics LLC","1080","socks4","4796","1","2023-06-12T16:27:16.037Z","100","2194","2199"
"143.255.179.129","elite","AS264641","CL","LanProject SPA","198","LanProject SPA","4153","socks4","4800","1","2023-06-12T16:27:14.449Z","99","2188","2200"
"217.66.223.186","elite","AS24631","IR","Tose'h Fanavari Ertebabat Pasargad Arian Co. PJS","135","Fanaptelecom Network","5678","socks5","4508","1","2023-06-12T16:27:14.643Z","84","1861","2205"
"113.204.4.142","elite","AS4837","CN","CNC Group CHINA169 Chongqing Province Network","257","N/A","10800","socks4","4302","1","2023-06-12T16:27:14.447Z","77","1713","2232"
"34.64.4.97","elite","AS139070","KR","Google Asia Pacific Pte. Ltd.","286","Google LLC","80","socks5","4406","1","2023-06-12T16:27:14.448Z","100","2108","2108"
"88.198.165.115","elite","AS24940","DE","Hetzner","15","Astrid Stolper + André Malo GbR","48139","socks5","4803","1","2023-06-12T16:27:14.649Z","80","1677","2106"
"104.20.75.69","elite","AS13335","US","Cloudflare, Inc.","2","Cloudflare, Inc.","80","socks5","3901","2","2023-06-12T16:27:13.146Z","100","2138","2138"
"190.104.26.227","elite","AS27882","BO","Telefónica Celular de Bolivia S.A.","197","Telefónica Celular de Bolivia S.A","33638","socks4","3998","1","2023-06-12T16:27:12.941Z","100","2217","2219"
"103.79.96.173","elite","AS64308","ID","PT IndoDev Niaga Internet","203","PT IndoDev Niaga Internet","4153","socks4","3094","1","2023-06-12T16:27:12.939Z","99","2178","2191"
"80.191.169.81","elite","AS58224","IR","Information Technology Company","199","Azad University of Anar","4145","socks4","4694","1","2023-06-12T16:27:12.940Z","90","2001","2233"
"188.166.239.48","elite","AS14061","SG","DigitalOcean, LLC","196","Digitalocean","3128","socks4","4815","1","2023-06-12T16:27:12.938Z","100","2195","2196"
"83.168.84.142","elite","AS31304","PL","ESPOL-FH","39","N/A","4153","socks4","4890","2","2023-06-12T16:27:12.940Z","98","2160","2201"
"51.77.73.67","elite","AS16276","DE","OVH SAS","86","Sastre Vazquez Antonio","31979","socks4","4903","1","2023-06-12T16:27:11.533Z","100","2168","2174"
"197.234.13.61","elite","AS36902","SC","Intelvision","174","Intelvision Ltd","4145","socks4","3703","1","2023-06-12T16:27:11.242Z","99","2114","2125"
"109.110.82.245","elite","AS35816","UA","Lancom Ltd.","75","Lancom Ltd","5678","socks4","5505","1","2023-06-12T16:27:11.532Z","97","2160","2225"
"87.121.77.130","elite","AS60784","BG","Neterra Ltd.","42","N/A","4145","socks4","4909","1","2023-06-12T16:27:11.243Z","100","2229","2230"
"103.76.190.81","elite","AS135758","IN","Alacriy Net System Service Private Limited","181","Alacriy Net System Service Private Limited","4153","socks4","4796","1","2023-06-12T16:27:11.244Z","99","2155","2167"
"153.99.224.114","elite","AS4837","CN","CHINA UNICOM China169 Backbone","187","Unicom JS","1080","socks5","5099","1","2023-06-12T16:27:11.442Z","76","1625","2140"
"110.74.195.33","elite","AS38901","KH","EZECOM limited","296","EZECOM limited","5678","socks4","3697","1","2023-06-12T16:27:11.245Z","96","2120","2199"
"49.49.91.24","elite","AS45629","TH","Triple T Broadband Public Company Limited","196","Triple T Broadband Public Company Limited","5678","socks4","5094","1","2023-06-12T16:27:11.438Z","98","2175","2209"
"80.191.185.156","elite","AS58224","IR","Iran Telecommunication Company PJS","120","Guilan Telecommunication Company","5678","socks4","1197","1","2023-06-12T16:27:11.244Z","86","1913","2229"
"41.242.66.74","elite","AS37605","NG","General Telecommunication Networks Limited","117","General Telecommunication Networks Limited","5678","socks4","3701","5","2023-06-12T16:27:11.437Z","91","1961","2154"
"79.79.18.76","elite","AS9105","GB","TalkTalk","29","TalkTalk Communications Limited","5678","socks4","4601","1","2023-06-12T16:27:09.447Z","100","2149","2152"
"1.2.216.101","elite","AS23969","TH","TOT Public Company Limited","195","TOT Public Company Limited","4145","socks4","2501","1","2023-06-12T16:27:09.645Z","78","1693","2175"
"199.188.89.136","elite","AS64200","US","Vivid-hosting LLC","192","Vivid-hosting LLC","9000","socks4","4711","85","2023-06-12T16:27:09.446Z","100","2196","2199"
"95.164.66.80","elite","AS39762","UA","VAK Ltd.","100","VAK Ltd","5678","socks4","4402","1","2023-06-12T16:27:08.048Z","92","2042","2227"
"202.191.15.253","elite","AS9224","AU","Swoop Telecommunications Pty Ltd","287","Swoop Telecommunications Pty Ltd","4145","socks4","2500","83","2023-06-12T16:27:08.132Z","100","2108","2110"
"198.211.99.26","elite","AS14061","US","DigitalOcean, LLC","88","Digital Ocean","9300","socks5","4190","1","2023-06-12T16:27:08.138Z","100","2214","2225"
"196.44.184.138","elite","AS31856","ZW","YoAHRE-MAIN","198","N/A","5678","socks4","4897","1","2023-06-12T16:27:08.049Z","83","1854","2235"
"117.202.20.70","elite","AS9829","IN","BSNL Internet","191","NIB","1088","socks4","4198","1","2023-06-12T16:27:07.935Z","96","2149","2232"
"86.104.27.175","elite","AS29119","ES","Aire Networks Del Mediterraneo SL Unipersonal","98","Aire Networks Del Mediterraneo SL Unipersonal","7497","socks4","4994","1","2023-06-12T16:27:07.936Z","100","2158","2164"
"41.225.229.55","elite","AS37671","TN","3S INF","60","ATI - Agence Tunisienne Internet","1080","socks4","3800","1","2023-06-12T16:27:07.935Z","98","2145","2179"
"36.94.35.245","elite","AS7713","ID","PT. Telekomunikasi Indonesia","218","Telekomunikasi Indonesia","5678","socks5","5011","1","2023-06-12T16:27:07.932Z","99","2112","2126"
"58.255.226.56","elite","AS17816","CN","CNC Group CHINA169 Guangdong Province Network","287","N/A","1080","socks4","4702","2","2023-06-12T16:27:07.933Z","62","1338","2156"
"121.101.131.91","elite","AS131706","ID","PT SELARAS CITRA TERABIT","284","Terabit","1080","socks4","4896","1","2023-06-12T16:27:06.442Z","98","2198","2235"
"103.251.221.37","elite","AS58972","IN","BHOMIKA","189","Bhomika","4145","socks4","2994","1","2023-06-12T16:27:04.738Z","100","2219","2230"
"159.65.253.201","elite","AS14061","US","DigitalOcean, LLC","94","Digital Ocean","51080","socks5","4916","1","2023-06-12T16:27:04.934Z","99","2119","2131"
"185.205.249.24","elite","AS57389","HU","ZNET Telekom Zrt","87","Znettelekom","45264","socks4","4892","1","2023-06-12T16:27:04.740Z","100","2173","2174"
"187.85.157.26","elite","AS53062","BR","Ggnet Telecom Backbone","213","Ggnet Telecom Backbone","5678","socks4","4800","1","2023-06-12T16:27:04.741Z","100","2155","2158"
"88.218.104.159","elite","AS33083","US","AxcelX Technologies LLC","79","Hostmetric VPN","22272","socks4","5103","1","2023-06-12T16:27:04.934Z","100","2129","2131"
"103.4.118.130","elite","AS38203","BD","ADN Telecom Ltd.","297","ADN Telecom Limited.","5678","socks4","4999","1","2023-06-12T16:27:04.737Z","87","1945","2229"
"162.12.217.30","elite","AS204902","FR","Weelax","183","XIWO","3629","socks4","4805","1","2023-06-12T16:27:03.133Z","98","2115","2154"
"203.24.102.74","elite","AS209242","VG","Cloudflare London, LLC","2","Anaga Consulting Limited","80","socks4","4807","1","2023-06-12T16:27:03.148Z","100","2209","2211"
"103.205.128.7","elite","AS134850","IN","WAY 2 INTERNET PRIVATE LIMITED","189","WAY 2 Internet Private Limited","4145","socks4","4507","2","2023-06-12T16:27:03.134Z","99","2205","2226"
"185.6.10.3","elite","AS12552","SE","GlobalConnect AB","37","Internet Vikings International AB","21619","socks5","4715","84","2023-06-12T16:27:03.235Z","100","2154","2154"
"131.255.93.98","elite","AS264475","BR","Attus Tecnologia em Telecomunicações Ltda","296","Attus Tecnologia em Telecomunicações Ltda","5678","socks4","4692","1","2023-06-12T16:27:03.149Z","57","1197","2115"
"186.251.255.249","elite","AS267513","BR","Seanet Telecom Carazinho Eireli","286","Seanet Telecom Carazinho Eireli","31337","socks4","5109","1","2023-06-12T16:27:03.044Z","99","2168","2201"
"202.52.237.117","elite","AS4613","NP","Mercantile Office Systems","194","Mercantile Communications Pvt Ltd","8080","socks4","4704","1","2023-06-12T16:27:03.150Z","99","2119","2139"
"193.107.169.222","elite","AS50648","UA","PE UAinet","101","PE UAinet","5678","socks4","3397","2","2023-06-12T16:27:03.047Z","99","2195","2217"
"117.54.201.91","elite","AS9340","ID","PT IndoInternet","194","N/A","5678","socks4","4812","1","2023-06-12T16:27:03.047Z","99","2198","2230"
"104.16.72.45","elite","AS13335","US","Cloudflare, Inc.","79","Cloudflare, Inc.","80","socks4","3612","1","2023-06-12T16:27:03.147Z","100","2116","2116"
"200.0.247.83","elite","AS10834","AR","Telefonica de Argentina","246","Smart S.A","4153","socks4","4707","1","2023-06-12T16:27:03.046Z","99","2145","2156"
"187.95.82.57","elite","AS262696","BR","Turbonet TelecomunicaÔÔes","192","Turbonet Telecomunicações","3629","socks4","4805","87","2023-06-12T16:27:03.045Z","99","2197","2210"
"181.233.95.18","elite","AS271441","BR","J.A TELECOM.PE","197","Ewerton da Silva Lopes","5678","socks4","4404","1","2023-06-12T16:27:03.150Z","98","2191","2228"
"148.251.232.232","elite","AS24940","DE","Hetzner Online GmbH","26","Hetzner","30263","socks4","4689","1","2023-06-12T16:27:03.148Z","100","2219","2221"
"212.83.130.68","elite","AS12876","FR","Online S.A.S.","83","ONLINE","59480","socks4","5002","1","2023-06-12T16:27:03.134Z","100","2147","2152"
"213.6.67.86","elite","AS12975","PS","Palestine Telecommunications Company","61","Palestine Telecommunications Company","54260","socks4","4598","1","2023-06-12T16:27:01.453Z","100","2164","2165"
"203.28.9.107","elite","AS209242","CY","Cloudflare London, LLC","2","Lachtaristo Holdings Limited","80","socks5","5197","1","2023-06-12T16:27:01.442Z","100","2232","2232"
"103.120.135.229","elite","AS38235","KH","Angkor Data Communication","199","N/A","33427","socks5","5000","1","2023-06-12T16:27:01.443Z","99","2109","2120"
"49.0.2.243","elite","AS55701","ID","PT Usaha Adi Sanggoro","178","N/A","5430","socks4","4392","1","2023-06-12T16:26:59.433Z","98","2184","2236"
"119.91.250.25","elite","AS45090","CN","China Internet Network Information Center","290","Tencent cloud computing (Beijing) Co., Ltd.","6666","socks5","4487","1","2023-06-12T16:26:59.349Z","73","1582","2156"
"85.237.51.73","elite","AS12389","RU","PJSC Rostelecom","60","PJSC Rostelecom","4145","socks4","5004","1","2023-06-12T16:26:59.434Z","98","2193","2228"
"51.81.31.66","elite","AS16276","US","OVH SAS","188","OVH US LLC","54535","socks4","5096","2","2023-06-12T16:26:59.349Z","100","2207","2207"
"194.195.240.60","elite","AS63949","DE","Akamai Technologies, Inc.","85","Linode","54210","socks4","3408","1","2023-06-12T16:26:59.437Z","70","1501","2134"
"202.158.49.138","elite","AS4787","ID","PT. Cyberindo Aditama","210","N/A","39172","socks4","5096","1","2023-06-12T16:26:59.436Z","93","2056","2220"
"104.16.81.76","elite","AS13335","US","Cloudflare, Inc.","3","Cloudflare, Inc.","80","socks5","4710","1","2023-06-12T16:26:59.437Z","100","2147","2147"
"187.115.160.253","elite","AS18881","BR","TELEFÔNICA BRASIL S.A","187","Global Village Telecom","3629","socks4","4602","1","2023-06-12T16:26:59.437Z","26","587","2228"
"41.60.235.118","elite","AS30844","KE","Maintainer Liquid Telecommunications Operations Limited","161","Liquid Telecommunications Operations Limited","5678","socks4","1415","1","2023-06-12T16:26:59.436Z","81","1759","2175"
"202.93.228.13","elite","AS38758","ID","PT. HIPERNET INDODATA","204","Hypernet","4153","socks4","4497","2","2023-06-12T16:26:59.438Z","100","2198","2209"
"139.59.99.83","elite","AS14061","SG","DIGITALOCEAN","197","DigitalOcean, LLC","80","socks5","4712","1","2023-06-12T16:26:59.348Z","100","2142","2142"
"190.128.203.214","elite","AS23201","PY","Telecel S.A.","225","Telecel S.A","3128","socks4","4903","2","2023-06-12T16:26:59.434Z","100","2166","2169"
"70.32.25.147","elite","AS55293","US","A2 Hosting, Inc.","89","A2 Hosting, Inc.","36546","socks4","4797","1","2023-06-12T16:26:59.742Z","100","2133","2136"
"157.185.160.74","elite","AS54994","US","Meteverse Limited.","99","Meteverse Limited","26589","socks5","3505","3","2023-06-12T16:26:57.134Z","100","2104","2109"
"75.119.201.151","elite","AS26347","US","New Dream Network, LLC","163","New Dream Network, LLC","15745","socks5","4994","1","2023-06-12T16:26:56.647Z","100","2216","2217"
"103.235.66.198","elite","AS63490","ID","PT Artha Media Lintas Nusa","200","N/A","5678","socks4","4887","1","2023-06-12T16:26:56.648Z","99","2162","2194"
"36.90.105.11","elite","AS7713","ID","PT. Telekomunikasi Indonesia","202","Telekomunikasi Indonesia","3128","socks4","4989","1","2023-06-12T16:26:56.646Z","98","2167","2213"
"148.251.179.103","elite","AS24940","DE","Hetzner Online GmbH","97","Hetzner","30241","socks4","4909","80","2023-06-12T16:26:55.039Z","100","2203","2203"
"188.166.217.4","elite","AS14061","SG","DigitalOcean, LLC","229","Digitalocean","20278","socks5","4704","1","2023-06-12T16:26:54.945Z","100","2111","2117"
"113.125.45.40","elite","AS58519","CN","Cloud Computing Corporation","285","Chinanet SD","59290","socks5","4898","4","2023-06-12T16:26:54.948Z","18","406","2231"
"31.43.63.70","elite","AS50581","UA","Ukrainian Telecommunication Group LLC","43","UTELECOMUA B2","4145","socks4","5091","1","2023-06-12T16:26:54.746Z","94","2104","2230"
"103.250.73.178","elite","AS17819","JP","UPRIGHT","294","Upright Inc.","8444","socks5","5098","2","2023-06-12T16:26:54.948Z","100","2224","2235"
"154.66.108.19","elite","AS37642","LS","Comnet Pty Ltd","200","ISPClients","10081","socks4","4904","1","2023-06-12T16:26:54.947Z","96","2150","2233"
"114.99.13.48","elite","AS4134","CN","Chinanet","203","Chinanet AH","8004","socks4","4300","1","2023-06-12T16:26:54.946Z","42","930","2193"
"103.12.246.65","elite","AS134941","IN","Instant Cable Network PVT LTD","198","Instant Cable Network PVT LTD","4145","socks4","4501","1","2023-06-12T16:26:53.144Z","100","2215","2224"
"196.0.39.50","elite","AS21491","UG","Uganda Telecom Ltd","166","UTL","5678","socks4","5105","1","2023-06-12T16:26:53.145Z","75","1655","2199"
"105.27.199.218","elite","AS37100","ZA","SEACOM Limited","184","Seacom Assignments","5678","socks4","5186","1","2023-06-12T16:26:53.143Z","95","2075","2195"
"103.208.203.1","elite","AS133275","IN","Gigantic","182","N/A","5678","socks4","5000","1","2023-06-12T16:26:53.241Z","99","2181","2207"
"180.183.134.72","elite","AS45629","TH","Triple T Broadband Public Company Limited","190","Triple T Broadband Public Company Limited","8080","socks4","4700","1","2023-06-12T16:26:53.142Z","99","2093","2111"
"170.254.255.241","elite","AS52584","BR","Connect Fibra","293","Connect Fibra","45816","socks4","4708","1","2023-06-12T16:26:52.947Z","99","2193","2225"
"186.235.184.194","elite","AS61888","BR","GFT COMERCIO DE TELEFONIA E COMUNICACAO LTDA","195","Avil Tecidos Recife Ltda","4153","socks4","4890","2","2023-06-12T16:26:52.947Z","100","2186","2190"
"59.152.104.138","elite","AS58715","BD","Earth Telecommunication ( pvt ) Limited","177","N/A","32075","socks4","5099","1","2023-06-12T16:26:52.944Z","98","2185","2224"
"182.84.149.121","elite","AS4134","CN","Chinanet","214","Chinanet JX","44844","socks4","4701","1","2023-06-12T16:26:52.943Z","34","748","2215"
"193.106.73.102","elite","AS50283","RU","Business Center Ltd","55","Business Center Nov Ltd","41883","socks4","5200","1","2023-06-12T16:26:52.942Z","95","2054","2160"
"167.86.94.3","elite","AS51167","DE","Contabo GmbH","19","Contabo GmbH","12258","socks4","4898","1","2023-06-12T16:26:51.047Z","80","1749","2179"
"41.60.232.61","elite","AS30844","KE","Maintainer Liquid Telecommunications Operations Limited","203","Liquid Telecommunications Operations Limited","5678","socks4","4904","3","2023-06-12T16:26:51.046Z","80","1728","2168"
"46.200.72.130","elite","AS6849","UA","UKRTELECOM","52","JSC Ukrtelecom","5678","socks4","3108","1","2023-06-12T16:26:51.332Z","93","1970","2110"
"185.220.226.235","elite","AS205585","TR","Noyan Abr Arvan Co. ( Private Joint Stock)","94","Noyan Abr Arvan Co. ( Private Joint Stock)","808","socks4","5008","1","2023-06-12T16:26:49.741Z","78","1661","2123"
"190.113.12.75","elite","AS22860","CL","Servicios Internet Ltda","202","TECNOERA-WEBHOSTING","3389","socks5","4697","3","2023-06-12T16:26:49.538Z","100","2169","2174"
"218.1.142.61","elite","AS4812","CN","China Telecom","397","N/A","57114","socks5","4496","1","2023-06-12T16:26:49.743Z","19","396","2128"
"117.102.78.165","elite","AS17451","ID","BIZNET","197","N/A","1080","socks4","4394","1","2023-06-12T16:26:49.539Z","97","2114","2176"
"103.213.245.105","elite","AS18254","HK","Klayer LLC","190","N/A","4003","socks5","4893","1","2023-06-12T16:26:49.743Z","86","1866","2166"
"178.128.21.246","elite","AS14061","SG","DigitalOcean, LLC","175","Digitalocean","56108","socks4","3095","1","2023-06-12T16:26:49.742Z","99","2151","2165"
"103.47.93.245","elite","AS134058","IN","Broban Internet Services Pvt.ltd","197","Broban  PVT Ltd.","1080","socks4","5184","1","2023-06-12T16:26:49.539Z","99","2210","2230"
"119.18.159.34","elite","AS55685","ID","PT. Jala Lintas Media","192","N/A","4145","socks4","4808","1","2023-06-12T16:26:48.039Z","99","2199","2220"
"45.8.106.212","elite","AS209242","DE","Cloudflare London","3","Araxio Development N.V","80","socks4","4593","1","2023-06-12T16:26:48.036Z","100","2198","2198"
"203.30.189.103","elite","AS209242","US","Cloudflare London","2","Umpire Associates LTD","80","socks4","892","1","2023-06-12T16:26:48.038Z","100","2109","2109"
"23.148.64.71","elite","AS393857","US","Premier Satellite","138","Premier Satellite llc","39593","socks4","4795","1","2023-06-12T16:26:47.834Z","99","2219","2233"
"45.77.39.10","elite","AS20473","SG","The Constant Company","192","Vultr Holdings, LLC","52644","socks4","5192","1","2023-06-12T16:26:47.834Z","56","1237","2217"
"195.9.146.246","elite","AS25513","RU","PJSC Moscow city telephone network","96","PJSC Moscow city telephone network","3629","socks4","4704","1","2023-06-12T16:26:47.832Z","99","2151","2168"
"45.122.45.49","elite","AS38571","IN","Channel9 Cable Network","290","N/A","5678","socks4","4909","1","2023-06-12T16:26:47.833Z","100","2222","2232"
"183.89.40.190","elite","AS45629","TH","Triple T Broadband Public Company Limited","179","Triple T Broadband Public Company Limited","1080","socks4","4710","1","2023-06-12T16:26:47.833Z","100","2217","2228"
"119.235.54.138","elite","AS45582","IN","VAINAVI INDUSTIES LTD, INTERNET SERVICE PROVIDER, INDIA","190","Vainavi Industries Ltd","5678","socks4","4706","1","2023-06-12T16:26:46.250Z","89","1896","2136"
"118.172.228.137","elite","AS23969","TH","TOT Public Company Limited","182","TOT Public Company Limited","4145","socks4","4589","1","2023-06-12T16:26:46.245Z","40","877","2195"
"103.14.20.225","elite","AS131717","ID","PT Citra Jelajah Informatika","188","Sony Sugema College","5678","socks4","4905","1","2023-06-12T16:26:45.937Z","98","2168","2214"
"110.78.168.161","elite","AS131090","TH","CAT-BB","187","N/A","4145","socks4","3093","1","2023-06-12T16:26:45.938Z","82","1775","2162"
"183.62.58.37","elite","AS4134","CN","Chinanet","216","Guangzhourunbaoxinxikejiyouxian","1080","socks4","1602","1","2023-06-12T16:26:45.939Z","70","1555","2207"
"5.135.191.18","elite","AS16276","FR","OVH SAS","5","OVH","9100","socks5","4491","1","2023-06-12T16:26:45.938Z","98","2108","2158"
"202.159.121.209","elite","AS9340","ID","PT IndoInternet","183","N/A","443","socks4","4615","1","2023-06-12T16:26:44.152Z","100","2117","2119"
"211.174.114.225","elite","AS4766","KR","Netropy","303","seoulfnf","4153","socks4","5096","1","2023-06-12T16:26:44.232Z","100","2205","2209"
"177.38.5.147","elite","AS52964","BR","F?BIO MENDES DIAS LTDA ME","297","FÁBIO MENDES DIAS LTDA ME","4153","socks4","4800","84","2023-06-12T16:26:44.153Z","87","1833","2108"
"194.6.233.122","elite","AS33927","UA","Ukrmirkom LTD","53","Specavtomatica Ltd","3629","socks4","4696","1","2023-06-12T16:26:43.944Z","98","2118","2172"
"89.237.32.65","elite","AS20485","RU","multi-origin SUTTK","87","N/A","51549","socks4","4810","1","2023-06-12T16:26:43.945Z","99","2202","2217"
"103.47.93.238","elite","AS134058","IN","Broban Internet Services Pvt.ltd","194","Broban  PVT Ltd.","1080","socks4","3515","1","2023-06-12T16:26:43.946Z","99","2214","2228"
"46.227.38.2","elite","AS51155","PL","TB Telecom Sp. z o. o.","82","Telemedian","1088","socks4","4697","1","2023-06-12T16:26:43.946Z","100","2194","2202"
"46.167.234.141","elite","AS16019","CZ","UPC Czech","43","Tkom Plus sro","5678","socks4","5012","1","2023-06-12T16:26:43.947Z","100","2228","2233"
"41.223.234.2","elite","AS37008","BF","Alink Telecom Faso v","177","N/A","80","socks4","5095","83","2023-06-12T16:26:42.435Z","99","2200","2219"
"201.210.242.29","elite","AS8048","VE","CANTV Servicios, Venezuela","196","CANTV Servicios, Venezuela","8080","socks4","995","1","2023-06-12T16:26:42.434Z","27","578","2172"
"177.72.112.161","elite","AS262558","BR","Prompt Brasil Solucoes EM TI Ltda","198","Prompt Brasil Solucoes EM TI Ltda","31164","socks4","4798","1","2023-06-12T16:26:42.236Z","99","2190","2210"
"178.212.48.18","elite","AS197025","PL","Lubuskie Sieci Swiatlowodowe Sp. z o. o.","91","Lubuskie Sieci Swiatlowodowe Sp. z o. o","5678","socks4","3086","1","2023-06-12T16:26:42.235Z","99","2216","2228"
"185.214.187.104","elite","AS48858","RU","JSC \"ER-Telecom Holding\"","193","JSC \"ER-Telecom Holding\"","1080","socks5","4599","1","2023-06-12T16:26:42.434Z","100","2163","2169"
"212.50.60.231","elite","AS7155","TR","ViaSat, Inc.","1093","Esertelekom","5678","socks4","222","1","2023-06-12T16:26:42.238Z","88","1944","2207"
"119.93.123.229","elite","AS9299","PH","Philippine Long Distance Telephone Co.","225","Philippine Long Distance Telephone Company","4145","socks4","4614","1","2023-06-12T16:26:42.149Z","99","2188","2210"
"172.67.150.173","elite","AS13335","US","Cloudflare, Inc.","2","Cloudflare, Inc.","80","socks4","1420","1","2023-06-12T16:26:42.237Z","100","2208","2208"
"41.242.79.244","elite","AS37605","NG","General Telecommunication Networks Limited","288","General Telecommunication Networks Limited","5678","socks4","2601","1","2023-06-12T16:26:42.232Z","94","1976","2109"
"75.119.207.148","elite","AS26347","US","New Dream Network, LLC","192","New Dream Network, LLC","32238","socks4","5097","1","2023-06-12T16:26:40.434Z","100","2222","2223"
"49.156.42.186","elite","AS24492","KH","WiCAM Corporation Ltd","298","WiCAM Corporation Ltd.","5678","socks4","4998","1","2023-06-12T16:26:40.433Z","89","1973","2229"
"212.69.12.166","elite","AS52116","RS","Orion Telekom Tim d.o.o.Beograd","98","Orion Telekom Tim d.o.o.Beograd","1080","socks4","2883","1","2023-06-12T16:26:40.434Z","100","2181","2182"
"49.75.17.108","elite","AS4134","CN","Chinanet","278","Chinanet JS","44844","socks5","4706","3","2023-06-12T16:26:40.639Z","60","1277","2111"
"104.20.225.218","elite","AS13335","US","Cloudflare, Inc.","83","Cloudflare, Inc.","80","socks4","4499","2","2023-06-12T16:26:38.846Z","100","2222","2223"
"70.60.230.8","elite","AS11426","US","Spectrum","105","Fastlink Communications Inc","34116","socks4","3592","2","2023-06-12T16:26:38.848Z","100","2225","2230"